word_1,word_2,distance
schoef aan bovenkant,schroef platte plaat,0.242048
piramide aan bovenkant,piramide,0.244887
rust op driehoek,wijnglas,0.584964
afgesneden driehoek bovenkant,afgesneden piramide,0.154054
balk bovenop horizontaal,robot,0.619481
kopje met lepel,balk door bol,0.38002
tafel als plateau,tafel eettafel,0.233764
twee ruiten bovenkant,schaap,0.65404
cillinder kegel rondje,ovalen steun onderkant,0.395213
twee cillinder bol,zonnepaneel,0.480678
bol driehoek zijkant,bol platte balk,0.195063
rond plateau vuurwerk pijl,bijzettafeltje met tuutje,0.425086
plateau lijkt zwembad,zwembad,0.191488
balk naar beneden,balk voor mok,0.286489
twee cillinders bovenop,glijbaan,0.556536
twee ronde kegels,rechtopstaande lepel sliert,0.273115
verrekijker sateliet,verrekijker,0.168449
punthoed wielen neus,punthoofd,0.622274
rechte lijnen figuren,graal beker houder,0.581947
motor van boot,deurklink,0.523963
raketmotoren,hanenkam,0.862777
neus piercing,neuspiercing,0.299921
plank houder,bakje plank,0.22849
pinokkio wetenschap kunst,boiler,0.812551
suiker pot,theekopje,0.37316
rollen schuine plank,buis door kopje,0.363666
indiaan,indiaan,1.19209e-07
trechter kom plaat,taart houder,0.386099
zwembad trap afscheiding,pippi langkous,0.736913
balhoofd armen neus,basketbal armpjes,0.289703
glijbaan speelplaats,glijbaan,0.0879744
theepot tol,vijzel,0.389817
stapels vierkante blokjes,spijker scherm blokjes,0.233541
hanenkam en puntneus,hanekam vierkant cirkel,0.322744
trofee met blokjes,gedraaide balk driehoek,0.385788
gelijk aan teken,afgekapt hoedje is teken,0.208051
vierkante staaf liggend,shuttle balkje bovenop,0.385728
vierkant balletje cirkel,staaf bolletje cirkel,0.123704
mengkom door tafel,tafeltje met schoteltje,0.25352
langwerpig hexagon neus,doorboord vierkant glijbaan,0.233125
halve cirkel kegel,blokje onderin cirkel,0.182248
bolletjes twee stokken,scherm achter spijkers,0.40242
bolle neus driehoek,bolletje driehoek staafje,0.187331
spijker schuin hartje,spijker hartje schijf,0.144372
vierkante ondergrond,kralen vierkanten plaat,0.342959
vierkante stok vooraanzicht,bolletje armen staaf,0.308445
schuine cilinder vierkant,tutu torens,0.542137
kegels vierkantjes zijkant,ballonnetjes vierkanten blokjes,0.124494
vierkant oog met twee schroef oren,champignon kapsel robot,0.390832
scherp driehoekige pet,pyramide pet,0.295328
mogelijk mensenlijk lichaam,menselijke trofee,0.45736
pastoor achtig hoedje,pastor met een is teken,0.439936
rechthoekig balk op de beker,robot stofzuigende snoepmachine,0.450141
appelvormig beker,clown toeter,0.559201
tafel vormig pet,ouderwetse pistool,0.336205
satelliet kop met pinokkio neus,pinokkio sitcom satelliet,0.268988
oude camera toestel,oude zijwaartse cameratoestel,0.265866
dikke handvaten beker,elektrische fiets meter,0.506562
een watermeloen neus,onkruid schotel,0.314748
pacman oortje,pacman helicopter landing,0.229746
symmetrische koffie beker,diamanten kop koffie oren,0.21114
hangende koffie beker,moderne lantaarnpaal lamp,0.45362
een groetende robotje,groetende stofzuiger robot,0.355476
boomstam in beker,twee waterdruppels,0.393953
stekker robot vierkant,robot plaat antenne,0.170352
piramide trapezium,piramide pipet,0.242168
pirouette armen omhoog,cocktailglas pirouette,0.363025
kip duckface hanenkam,eend kip,0.168689
lampenkap schouders balk,lampenkap balk,0.0608375
neuspiercing kuifje staaf,doorboord ei,0.337189
opgetilde plank bakje,plantenbak opgetild tafeltje,0.195614
wijzend been omhoog,ruitjes oude camera's,0.565115
basis koffie deksel,pannetje deksel kegel,0.179477
superman armen wijd,peper zout paaseitjes,0.695485
ronde neus staartjes,ei wolkenkrabber hoofd,0.382885
trechter bijzettafel reling,b vormige reling bijzettafel,0.111505
zwembad kralenketting,clown zwembad kralenketting,0.0771341
plank knuffel geven,wolkenkrabber knuffelen,0.439281
tutu slurf hendel,tutu slurf hendel,-1.19209e-07
telescoop twee hendels,oude camera kegels,0.281688
antenne erop,antenne blokjes plaat,0.232619
driehoekige punt erboven,driehoek punt blok,0.168536
op spiraal staaf,trofee driehoek plateau,0.485638
twee uithangbordjes rechts,uithangborden lampenkap staartje,0.404581
liggende staaf erop,balk erop vleugeltjes,0.279545
viekant door bol,zuignap,0.496719
bakje op plank,tafeltje bakje,0.151547
blokjes door ruit,erachter ruit blokken,0.205575
ronde plaat erachter,ronde plaat erachter,-1.19209e-07
staaf bol uiteinden erdoor,staaf bolletjes zonnescherm,0.182244
driehoekig prisma zijkant,bolletje bowlingpin,0.355292
rond dienblad rechts,trompet,0.627161
spiraal erdoor,drie puntjes rondje,0.455055
balletje erop,staaf bol armpjes,0.32311
plaat erdoor,plaat erdoor slurf,0.0918127
blokken rechts voor,blokken rechts eruit,0.101939
symmetrisch vierkant vlak uitsteeksel,vlak voorkant paddestoel,0.193077
puntig compact complex,driehoek erop,0.536891
complex puntig lang,spiraal driehoek bodem,0.398148
hoekig afgevlakte punt,handel afgevlakte driehoek,0.198598
symmetrisch complex puntig balk op de bovenkant twee half ronde uitsteeksel aan de zijkant,kapjes zijkanten balk erop,0.182993
bekend rond uitsteeksel,balk door de bol,0.368171
puntig lang,tafel mok of bakje,0.543315
symmetrisch puntig twee blokkige uitsteeksel bodem en rechts,twee vierkanten met handels van kleinere kubussen,0.300382
niet symmetrisch afgevlakte onderkant cirkel aan de achterzijde,cirkel achter balk erdoorheen,0.209738
langwerpig voorwerp dwars doorheen vlak afgerond,cilinder achterkant twee bolletjes,0.279039
bolvormige object aan de voorkant twee puntige uitsteeksels een uitsteeksel aan linkerzijde,bal voorkant uitsteeksel zijkant,0.119635
puntig complex interessant,mok tafeltje lang gerekte pion,0.433543
vlak vierkant bodem cirkel voorkant,platte cirkel voorkant,0.0710582
langwerpig ronde form bovenkant,bal op balk voorkant,0.291539
complex puntig compact,slurf aan de voorkant plaat door heen,0.395653
kopvormig vier uitsteeksel,cilinder bocht achter,0.393383
robothoofd met plaat,robot,0.602397
spitse punt omhoog,spitse punt,0.0639301
getordeerd,trofee,0.664002
twee rechthoeken zijkant,platte driehoek,0.204675
v goot,kip,0.779252
stamper door neus,staaf door ei,0.156772
tafel met trechter,tafel en bakje,0.121536
zeepaardje,zeepaardje,0.0
zeshoekige staaf zijkant,zeshoekige staaf zijkant,5.96046e-08
aanknooppunt voor boten,staaf twee ballen,0.462231
v goot zijkant,v goot zijkant,-1.19209e-07
toeter op arm,toeter,0.201184
geruite handvatten,zes ruiten zijkanten,0.339159
bal op emmer,staaf verticaal bal,0.229107
emmer in vierkant,vierkant midden emmer,0.0530626
twee ronde handvatten,telescoop,0.684181
laserogen antenne,links groterwordende vierkanten,0.40976
voetjes snavel mohawk,driehoek achterop telescoop,0.465014
tornado onderaan,wokkel met driehoek,0.39373
trapezium bovenop,trapezium bovenop,0.0
schoonmaakrobot,schoonmaakrobot,0.0
heeft een snor,appel steeltje doorboorde neus,0.446342
rand rondom,tafel met bakje,0.501253
doorboorde ruit bovenop,vierkanten door ruiten,0.306515
kopje met citroen schijf,cirkel achterop appel steeltje,0.275278
armen en matje,waterval twee armen,0.304389
pennenbak met neus,roerstaaf voor verf,0.234284
vastgeplakt aan kauwgom,oude spijker plateau,0.373797
pippi langkous,pippi langkous,5.96046e-08
korfbal korf met armen,korf met bal,0.147264
in een plaat,platform doorboort glijbaan,0.458791
links en boven dezelfde,lepel boven links,0.187954
telescoop ogen,twee telescopen,0.235145
driehoek boven,scherpe driehoek,0.21656
gedraaide onderkant,gedraaide onderkant,1.19209e-07
vogeltje,vogeltje,0.0
balk boven op,omgekeerd bekertje,0.463262
neus met staaf,neus doorboord,0.189767
tafeltje met bakje,tafeltje met kom,0.12938
kat,kat,-1.19209e-07
beker met roerlepel,beker met lepeltje,0.0646195
horizontale doorlopende staaf,schans en spijker,0.555122
midden bovenste rij,neus met pennetje,0.391361
spijker en plateau,schijfje met spijker,0.284474
rij met ruitjes,macaroni,0.503587
balletje boven op,bolletje ongelijke armen,0.343937
twee balkjes boven,vlak met slurf,0.304845
joystick boven op,telescoop met pennen,0.301938
uitschuifbare blokjes,paddestoel kaas plakje kijkes,0.341643
hoge piramide,piramide koekje schroef,0.333929
omhoog gaande draaimolen,beker trofee,0.638844
vogel met twee snavels,hoedje vogel twee snavels,0.0510563
stofzuigende robot,robot stofzuiger,0.142006
langwerpige neuspiercing,neuspiercing,0.181785
ophang plankje,tafeltje houder bakje,0.189402
bloempot op een stokje,klappen een standvlak,0.242087
pinokkio,cocktail halve cirkel,0.65823
centraal riolering punt,klep riool bolletjes,0.369414
dikke indiaan,indiaan omgedraaide kegel,0.253942
bijtelen,spijker plateau,0.341473
pan vaas afwassen,afwas houder doorboord,0.303179
bal in korfbal mandje,korfbal houder bal,0.143366
waterglijbaan,glijbaan,0.119029
twee dezelfde pluimen,identieke pluim,0.220621
stekker,robot met paddenstoel,0.578192
tent,tent,5.96046e-08
bier beker,wijn glas,0.250589
vis,kuikentje,0.628353
graan machine,chicken little,0.552439
kop koffie,piercing,0.63577
picnic tafel,tafel met bakje,0.244058
pinokkio,pinokkio,0.0
sauteer pan,cocktail,0.511834
ernergie centrale,courgette,0.833608
indiaan clown,neus fancy lepel,0.467318
bestuuringssysteem,casino royaal,0.547671
kruk,pippi langkous,0.712938
basketbal hoop,basketball hoop,0.240642
maal machine,boot met tutu,0.570151
blender,stofzuiger,0.435442
vierkant voorkant,spijker vierkant,0.160407
piramide driehoek bovenkant,piramide,0.170966
uitsteeksel onderkant lang,driekhoek onderkant,0.191425
twee rechthoeken rechts,hoedje twee rechthoeken,0.0912182
meest compact,compact,0.157878
klein uitsteeksel bovenkant,stokje door neus,0.380961
twee pootjes onderkant,kruiwagen,0.495056
meest complex,dier,0.694976
verlengde onderkant,lepeltje halve circkel,0.46531
handvaten rond uiteinde,schuin vierkant achterkant,0.212534
neus en oor,neus driehoekje lepeltjes,0.253418
trechtervormig uitstekend linksboven,dienblad,0.497356
vierkant aan onderkant,vierkant onder kopje,0.31093
verticale rechthoek,armen lange rechthoek,0.175271
vierkant door object,vierkant door midden,0.195398
ovaal boven links,theepot,0.537847
pot antenne armen,antenne twee wolkenkrabbers,0.306404
driehoek hoedje,piramide feesthoedje,0.251339
kalk trophee blokjes,trophee,0.34195
toilet spoeler staartje stekker,stekker afgevlakte piramide,0.301439
boekentas houder boek,boekentas krantenbak,0.197899
gewichtheffen spring haartje,neuspiercing spring haartje gewichtheffen,0.046553
schap hanger bloempot,bloempot schapje,0.0786377
armen ster uitstekels,bliksem ruitjes,0.307189
nek pinokkio,pollepel pinokkio,0.248019
gestrekte armen,krantenbak grote rugzak,0.437457
neus antennen oor,ronde neus,0.277526
rond dienblad splinter,splinter rond plateau,0.188823
dienblad cirkel kopje,pippi langkous onderzetter,0.538933
balk bal houder,basketbalnet bal,0.281461
twee uitsteekseltjes,tabakspijp glijbaan,0.421178
tong uit mond,doorboord wolkenkrabbers,0.494981
vierkant aan zijkant,twee minecraft vierkant,0.304879
driehoek bovenop,driehoek bovenop,0.0
staand op driehoek,wijnglas,0.549578
twee horizontale balkjes,vogeltje,0.604091
horizontaal balkje bovenop,middelvinger,0.429173
balk door bolletje,stampot stamper,0.459581
plateau twee schuine pootjes,bankje twee pootjes,0.126456
gebogen balkje onderkant,ruitjes gebogen balk,0.132927
rond balkje links,voetstuk theelepel handvat,0.422985
twee bolletjes zijkanten,twee knobbel handvatten,0.202127
ei zijkant,ei twee uitsteeksels,0.141369
rond plateautje zijkant,spijker rond plateau,0.175
op vierkant plateau,drie bolletjes,0.446551
bolletje bovenop,verticale balk ei,0.291419
vierkant plateau halverwege,plateau doorheen schoorsteen,0.190429
drie kubusjes zijkant,minecraft twee handvatten,0.281803
plaat verrekijker handvat,gekanteld plaat handvat,0.118533
feesthoed blok,feesthoed,0.15477
hoog spiraal blokjes,cocktail,0.605585
uitlaat dakje staven,parallele balken,0.42786
gootje balk jets,boek buisje,0.456091
bol staaf schijf,bal balk schijf,0.203966
tafeltje bakje,tafeltje,0.0788307
dubbele plaat,parallele platen,0.392012
zeshoek schijf,halve maan,0.429097
vlak staven bollen,honkbal knuppel,0.506058
bol gootje hendel,bal rare druppel,0.290928
schijf toeter,schijf dubbel uitsteeksel,0.257957
grondvlak bolletjes,bolletjes onderplaat schijf,0.210336
bal balk symmetrisch,bol balk handvaten,0.154884
plaat hoek buis,bierviltje,0.592315
kijker hendels uitlaat,twee grote druppels,0.496993
plat schroef torens,robot,0.60924
hoedje en onderstel,potlood open kegel,0.386372
kelk lang beker,kelk,0.145855
vogelbekdier staartje hoeje,perry het vogelbekdier,0.160593
ruimte chip boot balk,koffiezetapparaat ruimteschip,0.412156
lepel toeter,indiaan lepel toeter,0.0626125
tafel bakje,tafel,0.118207
grijper ruit gewicht,grijper met ruit,0.100711
pinokkio druppel cirkel,pinokkio neus cirkel lepel,0.0833831
fiets hendels vierkant deksel,piemels,0.662452
vulpen bol neus,vulpen neus driehoek,0.0678282
opwindbaar rond plateau,toeter en plateau,0.166211
plateau spiralen,spiralen bogen plateau,0.0430471
bal handvaten staaf,fietsstuur balk bol,0.273046
plateau staaf hendel,glijbaan plateau,0.29167
vier lange uitstulpsels,kegels toren flubbertje,0.33287
groot vierkant voor,helikopter,0.64462
piramide bovenop,piramide,0.129885
de trofee,trofee,0.0812858
twee rechthoeken rechts,twee rechthoeken rechts,0.0
liggende staaf bovenop,saaie gebouw,0.555093
paal door bolletje,neuspiercing,0.415571
diepe gootsteen,geweer of gootsteen,0.241748
dansende pinokkio kop,pinokkio,0.204927
kopje op houdertje,op houdertje,0.0834113
gieter,gieter,0.0
beslagkom met mixer,dartpijl,0.502338
omgekeerde pillon links,pillon,0.273453
zes kralen,kralen,0.132773
bal bovenop,bal bovenop,0.0
minder diepe gootsteen,gootsteen hendel links,0.291029
twee uitstekende tampons,tampons,0.29966
robot met antenne,geblokte armen antenne,0.308254
poppetje met feestmuts,mannetje met feestmuts,0.122042
een benig juichend poppetje,standbeeld op statief,0.395405
zittend poppetje met stekels,vogel met beentjes,0.160535
hoofd met hanenkam,recht balkje mouwtjes,0.318829
poppetje met ontstopper,appel met stamper,0.306336
etende kat aan tafel,schuin bakje tafel,0.287173
opspringende hond,springend hondje,0.257037
steelpan met lepel,steelpannetje met lepel,0.04537
gieter met handvat,balk door lichaam,0.410869
ronde neus hoofd,schuine kegel rondje,0.324043
spijker arm poppetje,spijker rails rondje,0.233751
poppetje met vlechtjes,twee kralen armpjes,0.182627
een benig rond hoofdig poppetje,cirkel armpjes balk,0.258865
dj langwerpige neus,langwerpige neus handje,0.129892
cactus plant met uitsteeksels,cactus met uitsteeksels,0.0457891
verrekijker met antenne,twee verrekijkers,0.323605
stromend waterstraaltje,twirl,0.897031
stopcontact rechts,stekker,0.24302
mini glijbaan links,nikszeggend balkje bovenop,0.371127
neuspiercing plukje haar,neuspiercing,0.139122
stoel tafel bakje,tafeltje met soepkom,0.104654
uitsteeksel beneden rechts,olifantje,0.729986
omgekeerde druppel ondersteuning,stokje links staartje,0.404647
uitsteeksels met bolletjes uiteinden,theekan,0.400729
bolletjes neus oor haartjes,neus twee antennes,0.197841
spijker rechts plateautje,plateau met trompet,0.366852
kralenketting horizontaal,staartjes,0.567823
mand eitjes pilaar,paal aan voorkant,0.386011
links arm slurf,slurf plaat erdoorheen,0.210304
enkele verrekijker,een verrekijker,0.137424
spion met verrekijker,spion,0.221979
misvormd puntig gezicht,vreemde vis,0.487725
juichend persoon,juichend persoon,0.0
angry bird vogel,angry bird,0.0569702
stokstijf persoon,stokstijf persoon hanekam,0.073782
gezicht met neuspiercing,neuspiercing,0.17108
kruiwagen met bakje,kruiwagen,0.151453
robot op eenwieler,robot op eenwieler,0.0
pinokkio toilet,pinokkio,0.284195
watergieter,gieter,0.592081
clown ronde neus,clown ronde neus,1.19209e-07
drukpers met plankje,drukpers met hendel,0.102279
drilboor met handvaten,pippi langkous,0.686202
waterpomp met bal,waterpomp met bal,0.0
stofzuiger door grond,stofzuiger slurf,0.219411
stuurwiel van schepen,pier in appel,0.516616
verrekijker,verrekijker met paddestoel,0.219679
feesthoedje,feesthoed met potloodpunt,0.19188
tulp op driehoek,tulp op driehoek,0.0
f vorm,f vorm,5.96046e-08
pinguin,pinguin,-1.19209e-07
doorboorde neus,doorboorde neus,1.19209e-07
tafel met kom,tafel met schaaltje,0.16071
karate trap,karate trap,-2.38419e-07
beker met citroen schijf,beker met citroen schijf,2.38419e-07
armen en rugzak,vliegtuig vleugels rugzak,0.213067
neus en vulpen,vulpen en neus,0.0
rond dienblad,omgekeerde pion,0.58976
gootsteen met ketting,gootsteen met kraaltjes,0.0875916
armen en ei,armen en ei,0.0
doorgesneden pot,doorboord snijplank slurf,0.231083
propellor,propellor met staart,0.167716
antenne en vierkant,antenne vierkant voor,0.0427353
boven punt driehoek,raar blok driehoeks punt,0.205287
scheve stengel wijnglas,wijnglas,0.219029
hoedje twee balkjes,deksel twee uitsteeksels,0.215747
vleugels vierkant bovenuit,spaceship met huisje,0.425349
pilaar door bolletje,neuspiercing,0.514185
tafel door kopje,tafel met kopje,0.0654347
spijker door vierkant,wasbak doorgeprikt vierkant,0.241749
potlood door kopje,potlood cirkel lepel,0.197749
staaf door kopje,achterklep stangen,0.571646
speer staaf neus,geen piercing hoofd,0.288668
spijker door arm,spijker bijtafel,0.207514
kopje op platform,plaat circkel sprieten,0.576224
pilaar bol armpjes,poppetje met balk,0.293522
platform door kopje,middel platform glijbaan,0.263116
plantenbak vierkante arm,vierkanten twee stengels,0.30494
groot vierkant voorkant,robot,0.654503
feestmuts en wielen,feestmuts,0.199724
draaiend wijnglas,wijnglas,0.140459
eend met uitlaat,is teken,0.525145
liggende balk bovenop,neus met balk,0.160789
staaf door ei,zuignap,0.513825
halve tafel poten,bijzet tafel poten,0.142403
meeste balken uitsteeksels,kraan,0.56735
ronde plaat achterkant,pinokkio,0.693443
lange korte vlaggenmast,andere lengte uitsteeksels,0.388244
balken voorkant ei,theelepel ei neus,0.287086
links uitstekende nier,spijker bijzettafel,0.568525
twee strengen vierkantjes,drie vierkantjes,0.0691186
lange balk voorkant,fietsmand,0.523451
olifanten slurf twee schoorstenen,slurf vierkant doorheen,0.184311
twee dichte parasols,deegrollers,0.379566
vierkant ervoor,paddenstoel vorm bovenop,0.372124
puntige driehoek bovenop,scherpe driehoeks punt bovenop,0.152599
driehoekige gedraaide verhoging,gedraaide staaf onderaan,0.195694
twee strepen zijkant,stompe punt bovenop,0.263827
horizontale staaf bovenop,horizontale balk bovenop,0.148029
staaf door bolletje,staaf door bolletje,-1.19209e-07
horizontale plank ervoor,horizontale plank ervoor,0.0
ruit bovenop,doorgestoken ruit bovenop,0.0982554
halve cirkel achterkant,half rondje erachter,0.338524
zeshoekige staaf bolletjes,ovaaltjes op staaf uiteinde,0.116368
kegel staaf bovenop,volledig balletje voorop,0.399968
horizontale cirkel schijf,horizontale ronde schijf,0.0857174
diamant stengels zijkanten,diamanten bovenop plaat,0.284417
verticale langwerpige staaf,verticale balk ervoor,0.265399
halverwege door vierkant,vierkant horizontaal doorheen,0.174929
groeiend vierkant voorop,groeiend vierkant zijkant,0.126673
schoorsteen op kopje,kopje met schoorsteentje,0.132255
punt bovenop kopje,piramidedak en wijnflesje,0.307711
driehoekig pootje,wijnglas,0.587979
rechts twee balkjes,kluisdeur met deurklink,0.328565
balkje op kopje,koffie tuitje en rechthoek,0.241541
houder met zuignap,beker met zuignap,0.14224
steun balkjes rondom kopje,kuipje bovenop balk,0.297558
tuitje onderaan kopje,tuitje aan onderkant,0.196788
achthoekig handvat links,ovale onderkant,0.195817
lange horizontale staaf,lange horizontale cilinder,0.110067
punt staafje in kopje,twee verschillende roerstaafjes,0.385259
spijker op handvat,spijker en dienblaadje,0.164039
ruitjes aan weerszijden,zes diamantjes ondergrond,0.300539
rechthoekige poot rechts,waterpomp achtig met standaard,0.364128
vierkant snijdt kopje,glijbaan en armpje,0.356081
drie verschillende handvaten,drie handvaten,0.0492547
twee uitdijende kubussen,paddenstoel bovenop,0.460994
driehoek bovenop,driekhoek bovenop,0.109279
wokkel onderaan,wokkel schroef,0.216416
twee uitstekende rechthoekjes rechts,afgesneden piramide bovenop,0.289646
liggende rechthoek bovenop,lampenkap zijkant,0.348269
mini pluimpje linksboven,bol staaf erdoorheen,0.415866
uitstekend tafeltje,tafeltje,0.137975
doorgestoken ruit bovenop,ruiten uitstulpende kubussen,0.297989
gedeeltelijke cirkel achterkant,keukenmachine,0.738895
achterzijde uitstekende klep,zout potjes,0.68698
vier verschillende uitsteeksels,drie uitsteeksels en bol,0.0919394
links uitsteeksel omhoog,toef met vierkant bovenop,0.371174
platte cirkel voorop,zes dingetjes,0.436444
ovaal bol bovenop,rechthoek vooraan geplakt,0.198881
identieke mini staafjes bovenop,links l vorm,0.400269
uitdijende kubus rechterzijde,twee identieke pluimen,0.373081
dun rechtopstaand vierkant,robotarmen,0.540239
piramide bovenop,punthoed,0.476728
driehoek helemaal onderaan,ijscoupe,0.516734
vierkantjes rechterzijkant,varkentje,0.515015
brede staaf bovenkant,broodrooster,0.612573
zuignap koffielepel schuin,zuignap,0.208205
dienblad bij bovenkant,dienblad bakblik,0.191269
driehoek met aanhangsel,biscuitje,0.503952
smalle ronde onderkant,koffiekoekje,0.463327
lijkt op gieter,gieter,0.239942
driehoekig uitsteeksel zijkant,ei voorkant,0.252586
oorvormig uitsteeksel zijkant,oor,0.384663
vierkante onderzetter,spiraal vlechtjes,0.491499
bol bovenop,ei bovenop,0.169651
vierkant rond midden,stekkertje bovenop,0.453225
rechtopstaande brede koffielepel,slurf,0.407932
twee legoblokken links,twee legoblokken links,1.19209e-07
puntige piramide bovenop,piramide bovenop,0.0891116
driehoek eronder hangend,draaiing naar driehoek,0.236148
afgeplatte conus bovenop,is teken,0.597096
platliggende rechthoek bovenop,platliggend balkje bovenop,0.176516
rechthoek door bol,kannibaal met piercing,0.479962
bezet plateau rechtsboven,plateau met pootjes,0.266015
iss achterop boven,iss bovenop,0.123889
halfronde schijf bovenop,half rondje achterop,0.398189
strandstoel linksboven,honkbalknuppel met strandstoel,0.248859
rechthoek rechtop bovenop,kannibaal zonder piercing,0.471095
trompet linksboven,hartje met toeter,0.472057
confetti slinger erachter,op een plateau,0.456331
bol bovenop,armpjes met bol,0.191348
vierkant minirokje,glijbaan en snijvlak,0.350579
legoblok rechts,regenpijp links,0.253135
blokken armpjes vierkant,blokjes piramides spijker,0.195094
tent trapezium cirkel,circustent trapezium koekje,0.158016
taartpunt blok schroef,trofee,0.643652
is tekentje hoedje pinokkio,is tekentje keppeltje,0.155945
rechthoek tuit schep,neus omgedraaid,0.386817
lantaarnpaal ei heft,piercing,0.572556
picknickbankje piemeltje trapezium,parkbankje,0.258112
pinokkio ploeg linkerarm,ruitje blokken piramides,0.495994
pinokkio cirkel heft,ronde schijf hendeltje,0.438507
gieter vierkant handvat,gieter zonnepaneeltje,0.210526
vulpen lineaal ei,vulpen pennenbakje,0.165268
bleekselderij cirkel spijker,bleekselderij spijker,0.0589044
platform kralen armpjes,drie bolletjes,0.35744
omarming ei pilaar,knuffelaar ei,0.281988
glijbaan hoek platform,konijntje,0.548642
negen uur blok,negen uur blokjes piramide,0.159358
paddenstoel bovenop,paddestoel groeiende kubussen,0.324287
op wielen vlieger,vlieger,0.187581
trofee gedraaid kubusje,trofee,0.271472
varken links gekanteld,varken,0.32581
vleugeltjes lange rechthoek,kip watertap,0.406243
doorgestoken ei,doorgestoken ei lepel,0.0620177
tafel twee stoelpoten,tafelpoten staartje,0.255049
pinokkio liggende zandloper,groeiende kubussen armen,0.339254
drankje citroen lepel,lepel citroen,0.0599763
ijzeren pin erdoorheen,zwaard,0.423841
ei omgekeerde kegel,ei kegel,0.0452833
ijspegel cirkel,ijspegel c,0.265103
zwembad met trapje,symmetrisch,0.620487
lange balk voorkant,ei armen balk,0.200264
linkerarm zwevend vierkant,glijbaan schoorsteentjes,0.411664
negen uur,negen uur,0.0
robot ogen vierkant,robot,0.268615
hoedje neus oor,neus piramide,0.274083
standaard vierkant driehoek,statief beker,0.506431
onderzeeer boot,duikboot piramide,0.293152
bootje vinnen staaf,duikboot pinnetje,0.276737
neus piercing staaf,neus piercing,0.0631
tafel pootjes,tafeltje pootjes,0.0475059
kraan sateliet,kraantje,0.393408
lepel staaf onderkant,lepeltje onderkant citroen,0.166891
staaf benen staart,deegroller staaf,0.268188
neus clown,lepeltjes neus arm,0.213411
plateau draaien,bankschroef plateau,0.204774
vierkant oren clown,clown wokkels,0.236198
hoofd armen neem,knuffel armen staaf,0.262467
rokje arm,rokje vierkant,0.144358
lepel staart armen,mannetje lepeltje,0.194138
verrekijkers,verrekijkers,1.78814e-07
punthoed,punthoed,1.19209e-07
langwerpig,langwerpig,0.0
vogel,vogel,0.0
grote neus,lego poppetje,0.589416
gootsteenontstopper,gootsteenontstopper door neus,0.181513
hoge plank,hoge plaat,0.13765
grijphaak,ruit met grijphaak,0.169141
gestrekte armen,armpjes,0.250902
zijkant gezicht,kegel hoofd,0.285335
dienblad,ober,0.528289
basketbal,basket,0.405625
danseres,robot danseres,0.169996
speldenkussen,speldenkussen,0.0
paddenstoel bovenop,torentjes en paddenstoel,0.165341
driehoek bovenop,tent,0.690595
vierkant blok bovenop,driehoek gedraaide balk,0.293203
platte uitsteeksels rechts,is teken,0.544974
balk bovenop,de compacte,0.598955
bol met uitsteeksels,ding door bol,0.274001
tafel er doorheen,picknicktafel,0.439112
ruit uitsteeksels bovenop,ruit met torentjes,0.201179
uitstekende cilinder links,die lang duurde,0.59769
uitsteeksels met bol,ongelijke uitstekende dingen,0.46165
bol voorkant,twee verschillende uitsteeksels,0.346578
spijker uitsteeksel links,spijker,0.252546
ligt op plateau,drie bolletjes,0.605595
balk rechtop voor,losstaande balk,0.218973
kleine uitsteeksels boven,plaat er doorheen,0.367202
cactus in pot,plant in pot,0.103395
bovenstuk van microscoop,mixer met antenne,0.407822
hondenkop met feestmuts,hondenkop met feestmuts,0.0
een potige vogel,kip,0.49001
vijf vinnige vis,vijf vinnige vis,5.96046e-08
hondenkop met kuif,hondenkop met kuif,0.0
persoon met neuspiercing,man met neuspiercing,0.119537
tweepotige mok houder,plateau met pootjes,0.367074
dansend schaap,dansend schaap,0.0
urinoir met hendel,mok op kano koekje,0.445815
korte vlag houder,lucifer met mok,0.452905
beslagkom voor eieren,mok met roer spaantjes,0.202197
houtwerk met spijker,houtwerk met spijker,0.0
complexe halsketting hanger,mok met kraaltjes,0.262519
olifant met bolhoedje,korf voor balsporten,0.42338
waterpomp met plateau,waterpomp met plateau,-1.19209e-07
olifantenhoofd met blok aanhangsel,mok met roer handvaten,0.328434
plat vierkant rechterkant,paddestoel bovenop,0.335304
piramide bovenop,piramide bovenop,5.96046e-08
kubus rechts bovenop,wijnbeker,0.401915
trapezium bovenop midden,kip,0.604028
horizontale balk bovenop,compact,0.649079
bol rechts midden,ei staaf erdoorheen,0.363693
horizontale plaat middenin,tafel twee pootjes,0.286157
l vorm onderkant,boek twee trappetjes,0.57336
halve cirkel linksboven,halve cirkel bovenop,0.111728
weerskanten staaf bolletjes midden,twee zoutvaatjes weerskanten,0.144487
bowlingkegel links bovenop,ei penseel linksboven,0.448287
rond plateau rechterkant,rond plateau rechts,0.0485332
plat vierkant onderop,spiraaltjes weerskanten,0.467818
verticale balk rechts,verticale balk,0.0389152
plat vierkant onder midden,l vorm links,0.355934
kegel middenin bovenop,trapje twee kegels,0.24029
kubusjes vierkant zijkanten,muur plakker spijker kubusjes,0.203955
driehoek bovenop,kogel pyramide,0.375429
driehoekig pootje eronder,cocktailglas,0.522999
twee rechthoeken rechts,onderzeeer deur,0.445104
oorbellen en hanenkam,uitlaten hanenkam neus staaf,0.249256
plukje haar neuspiercing,neuspiercing plukje,0.0394439
plank erdoor bovenin,bankje cakevorm,0.322109
drie uitstulpsels rechtsonder,doorboord boek handvaten,0.341854
pannetje deksel lepel,steelpannetje lepel deksel,0.0190219
gieter met klepje,rare gieter,0.211106
ongelijke oren bovenop,tandenborstel bakje,0.465831
spijker pacman zijtafel,pacman spijker zij tafeltje,0.102157
plank eronder,paardenstaartjes plank eronder,0.0444244
bol bovenop,armpjes rechthoek bolletje,0.293787
plank erdoor onderin,glitch plankje slurf,0.285253
kubusjes rechter zijkant,staartje uitsteeksels kubusjes,0.175858
paddestoel vierkant wolkenkrabbers,verrekijker paddestoel vlak,0.236481
piramide wiel champagnefles,piramide champagnefles blok,0.0686729
mannetje voetstuk twister,trofee voetstuk spiraal,0.226229
hoedje uitlaat forklift,hoedje uitlaat balken,0.132872
balk voetjes driehoek neus,balk voetjes voorstuk,0.103668
neuspiercing voetsteun oortje,neuspiercing korfbalpaal staartje,0.179777
tafel bakje pootjes,tafeltje poten bakje,0.0363843
voet ruiten arm,voetje vliegtuig staart neus,0.267128
kegeltje voetstuk cirkel,voetstukje cirkel cilinder,0.118636
lucifers afdak ondersteuning,lucifers honkbalknuppels afdakje,0.186745
bolle neus oren,konijntje bol oren,0.159076
b toeter tafeltje,beamer tafeltje koker,0.251612
kraantjes oren ruitjes,vierkant spiraal oren kraantjes,0.123628
balk bol armen,balken knuffelaar bol armen,0.142809
cilinderachtige neus konijnenoren,doorgesneden vlak oortjes,0.190073
worm kegels trap,kegels pijp wolkenkrabber,0.264114
twee staven links,tv,0.727316
halve kegel boven,tent als neus,0.398741
beneden staaf driehoek,spring poppetje,0.400636
twee liggende rechthoeken,twee staven rechts,0.206004
liggende rechthoek bovenop,rechthoekige staaf bovenop,0.118331
staaf door neus,staaf door neus,0.0
tafel bak bovenin,tafel met blok,0.177406
vierkant staaf bovenin,spekje,0.451001
lepel cirkel bovenin,verhoging,0.575856
staaf links rechts,peper en zout,0.568918
staaf rechthoek bovenin,sims teken,0.528114
links staaf tafelpoot,dienblad en tafelpoot,0.171688
midden cirkel staven,drie kralen,0.396402
rechthoek verticaal beneden,verticale grote staaf,0.21186
plateau horizontaal midden,rokje,0.630514
staaf boven links,blokkendoos als neus,0.412955
vierkant voorop,vierkant aan voorkant,0.239704
driehoek op bovenkant,wiel onderaan,0.257591
wijnglas met standaard,wijnglas,0.175547
vijf uitsteeksels,is teken rechts,0.478738
balk op bovenkant,staaf op bovenkant,0.166407
paal door neus,staaf door neus,0.116287
hoofd met bril,picknicktafel,0.703433
lange neus,ruit achterop,0.39922
half rondje bovenkant,smal voetstuk,0.331987
twee rondjes,scherm aan achterkant,0.439543
rondje rechtsmidden,verf kwastje en staaf,0.526614
rechts ronde schijf,dienblad rechts,0.286028
staat op vierkant,op vierkanten voetstuk,0.167178
rondje op bovenkant,rondje bovenop,0.142542
vierkant om middel,vierkant om middel,-1.19209e-07
vier lange uitsteeksels,vier uitsteeksels,0.0448171
vierkant gezicht,vierkant op gezicht,0.060863
feesthoedje,feesthoedje op hoofd,0.197685
been voet,been,0.114979
feesthoedje zonder punt,lijkt op stekker,0.276101
omgedraaide beker oren,balk op hoofd,0.340329
neuspiercing,neuspiercing,1.78814e-07
picknicktafel op hoofd,picknicktafel op hoofd,0.0
pinokkio,twee ruiten hoofd,0.681816
rondje op achterhoofd,links kijkende pinokkio,0.40214
twee verschillende armen,twee knots armen,0.144868
alleen bolle neus,alleen ronde neus,0.107569
beamer,rond dienblad,0.601097
diamanten oren,diamanten uit oren,0.0587347
verticale neus,verticale neus,0.0
slurfje,slurf en tutu,0.260435
twee kegels snavel,omgekeerde snavel,0.140775
schroef bovenkant vierkant,schroef in hoofd,0.202471
puntig hoedje,verjaardags hoedje met punt,0.305227
langste object voet,poppetje gekromde benen,0.411858
is teken zijkant,half verjaardags hoedje,0.470967
compact zonder uitsteeksels,balk bovenop hamer,0.467896
schroef door bolletje,neuspiercing,0.469442
railing zijkant pyramide,spoiler tafel,0.342117
lichaam gebogen voet,mijn favoriet,0.65366
langwerpig verhoogd platform,ronde pilaar cirkel,0.387118
armen schuin dak,diploma hoedje,0.488634
rond bolletje zijkant,ronde neus voor,0.273254
spijker in arm,spijker arm,0.0584637
object op platform,clown op platform,0.249735
poppetje balk zijkant,mannetje omarmt balk,0.2246
twee streepjes bovenkant,rokjes platform pijp,0.40271
twee ronde jongleer stokken,diabolo's,0.249801
blokkentoren handvatten links,twee blokken handvatten links,0.088315
driehoek links bovenop kopje,driehoek linksboven,0.214041
vierkant rechtsboven rand,draaikolk onderin driehoek,0.167126
twee staafjes rechts,is teken rechts,0.313681
rechthoekige staaf bovenop,rechthoekig blok bovenop,0.122668
theelepel linksbovenin kopje,theelepel linksboven kopje,0.035625
plankje twee pootjes,plankje poten bakje,0.0837065
blokkerige satelliet bovenop,vierkante satelliet linksboven,0.209824
lepel rechts boven,onderzetter koffielepel rechtsboven,0.252781
steun plateau achter kopje,rugsteun ongelijke handvatten,0.4068
twee verschillende lepels,staafdiagram lepel,0.361489
handvat met tentharing,tentharing linker handvat,0.104609
handvaten drie balletjes,handvatten drie bolletjes,0.0696299
balletje drijft linksboven,balletje linksbovenin kopje,0.212231
gelijke staafjes bovenop,gelijke staafjes bovenop,0.0
drie lange handvatten,blokken handvat rechts,0.353336
verrekijker,omgekeerd hondje,0.502349
driehoek bovenaan,hoedje driehoek,0.189162
lijkt op wijnglas,wijnglas,0.194868
bevat is teken,is teken,0.118425
hanenkam korte mouwen,espresso apparaat,0.73041
rechthoek door neus,neus met staaf,0.183878
horizontale rechthoek bovenaan,bankje tafeltje,0.494196
een arm en been,helikopter,0.623207
theepot deksel linksachter,theekopje met deksel,0.133047
vierkant bovenstuk paardenstaart,ongelijke armen,0.378239
liniaal in pennenbak,theemok twee lepeltjes,0.332333
rondvormig dienblad vasthouden,dienblad en spijker,0.142055
pippi langkous vlechten,pippi langkous,0.0525624
een bol bovenaan,bol bovenaan,0.0521977
vierkante tutu,tutu,0.230935
wortelvormige neus haar,uitsteeksels legoblokjes slurf,0.263957
satelliet met antenne,robot met antenne,0.144993
piramide bovenop,tovenaar vierkante neus,0.317854
gedraaid uitsteeksel onderkant,wijnglas gedraaide poot,0.296839
is teken en minteken,is teken en minteken,5.96046e-08
vinnen beiderzijds,haaienvin met balk,0.519421
balletje op stokje,poppetje met neuspiercing,0.247621
tafel met bakje,tafeltje met bakje,0.0326717
satelliet vormig uitsteeksel bovenop,satelliet en staart,0.189689
mok lepel koekje,kopje lepeltje rondje,0.257442
gieter met dakje,gieter met handvat,0.130696
kegel rechthoek bovenin,strip en zandloper uitsteeksel,0.29783
kegel uit pacman uitsteeksel,plateau en selderij,0.405136
kralensnoer op plateau,meisje met vlechten,0.439989
armen en hoofd,mannetje met paal,0.309916
glijbaan op plateau,zwaaiend met rokje,0.434873
uitgerekte kubus rechts,twee verschillende lepels,0.370252
verrekijker met walkie-talkie antenne,verrekijker,0.209187
verjaardags hoedje op wieltjes,piramide twee wieltjes,0.274014
sierlijk gedraaide voet,gedraaide voet,0.0611781
split in oorlel,afgeplat trapezium bovenop,0.416566
pinguin met hanenkam,pinguin,0.220156
assymetrische dikke neus piercing,neuspiercing,0.329347
platte bril,bril plankje,0.143367
benige,gespiest ruit op voet,0.499225
pinokkio op richel,schijf achter op richel,0.182709
gespiest schuin afdakje,bolletjes spies plat dak,0.174906
dikke bolle neus,twee stokjes complex,0.500809
ober met neus toeter,ober met spijker,0.113002
symmetrisch met onderplaat,twee sprietjes op vierkant,0.216078
gekruisigd aan paal,knuffelende gekruisigde jezus,0.268275
zwemmen met gebalde vuist,vierkant rokje,0.417851
whatever pinokkio punt haar,twee kegels verrekijker,0.542539
twee armen controller,paddestoel vierkant kubus,0.54352
driehoek hoofd,driehoek trapeze cirkel,0.187831
standbeeld op pilaar,wijnglas taartpunt vierkant,0.445284
trapeze twee balkjes,is teken trapeze,0.273187
notitie maken rechts,goudstaaf kap,0.545728
wc ontstopper met rondje,wc-ontstopper cirkel staaf,0.43055
dienblad eetbak,dienblad bakje,0.0734602
zeepaard staart oren,zeepaardje ruit kubus,0.330159
pollepel staaf rond,plateau cirkel achter,0.29212
balk door midden,kanon staafjes ei,0.49484
kom lepel bolletje,cirkel lepel staafjes,0.155512
schroef balk dienblad,spijker cirkel,0.227552
vlechten spiegel platteau,dna cirkel vierkant,0.437968
zijkant lange balk,ei staaf balk,0.2395
vierkant rondom slurf,zeven slurf vierkant,0.087515
staart armen antenne,kubus staafjes slurf,0.251388
vierkant plateau rechts,robot verrekijker,0.58427
piramide bovenop,driehoek muts,0.428667
gedraaide balk onderaan,juichen omgekeerde hond,0.499663
twee balkjes rechts,twitter vogeltje,0.531145
vierkant balkje bovenop,gezicht twee oren,0.377707
voorkant rondje balk,neuspiercing,0.518801
rechts balk driehoek,pan doorheen gezakt,0.520551
bovenaan vierkant staaf,dansende poppetje,0.406132
achterkant cirkelvormig plateau,cocktail pinokkio,0.671849
uitstekende balken rondje,honkballer,0.788353
voorkant rechts rondje,bowlen pion,0.469261
links grote spijker,spijker,0.235274
vierkante onderzetter,plateau feestslingers,0.32511
vooraan lange balk,bol.com man,0.733639
vierkant midden omheen,meisjesrok fabriek,0.634271
twee ovalen staven,miereneter,0.603812
spijker op mok,normale spijker,0.254368
gedraaide pilaar,struisvogel,0.602207
flappy bird,flappy bird,-1.19209e-07
dun cilindertje ernaast,balk,0.533801
spijker door bol,indiaan met piercing,0.388151
twee potig platform,tafel,0.477694
negentig graden opzetstuk,doorboord boek,0.555264
doorboord glas ijsthee,ijsthee,0.224977
ronde horizontale paal,zout en peper,0.598048
bol en uisteeksels,indiaan zonder piercing,0.437335
dolk in balk,pacman,0.733743
wokkel oren,wokkels,0.447597
rechte verticale paal,breed,0.566114
henry stofzuiger,glijbaan fabriek,0.432031
vier uitsteeksels,de moeilijke,0.556353
vierkant vlak,wolkenkrabbers aan kopje,0.386901
driehoek,soort tentvorm,0.594078
schroefvorm op driehoek,soort cocktailglas,0.502301
is teken,soort is teken,0.0908831
soort masker,robot of uiltje,0.40117
bol en schijfje,bolletje met stang,0.250448
soort zwevend bankje,soort zwevend bankje,5.96046e-08
grootste object,wafelvorm bovenop,0.610502
kom op verhoging,kop afgeronde balk,0.474148
tafel in kom,tafeltje in mok,0.235129
penseel in kom,penseel vorm,0.210898
soort serveerschaal,ronde platte schijf,0.397665
kleine kubusjes,vierkant met fonteintjes,0.340427
lange smalle balk,uitstekende lange balk,0.111535
ronde balk,ronde lange balk,0.0536789
meerdere ronde handvaten,kegelvormen negentig graden,0.530986
robot antenne vierkant,robot spijker plaat,0.240461
geometrisch hoedje,hoedje kogel,0.307431
draaien,draaiende voet,0.332737
usbs staart hoedje,usbs staart papieren boot,0.156889
symmetrisch waterafvoer raket boosters,oorbellen balk,0.547188
plantenbak citroen stamper plukje,ijsthee stamper,0.153509
tafel,tafel,-1.19209e-07
ninjaster als dumbbell,dumbbell ruit,0.144738
pot still oude camera,oude camera pinokkio,0.231091
draai emmer paneel,armen paneel draai emmer,0.0395547
puntig rond geometrisch,ijsthee prikker zonder ijsthee prikker,0.620548
kaneelstokje helicopterplatform batman signaal,batmanlogo kaneelstokje helicopterplatform,0.1194
symmetrisch natuurlijk breed,spiralen schotel octopus arm,0.369834
armen plank,dunne armen,0.182441
plat doorgezakt semi symmetrisch,boot slang l,0.416263
deegrol handels oude usb,deegrollen,0.291854
blokkige verrekijker,verrekijker vierkant,0.141668
grote piramide bovenop,piramide bovenop,0.0453694
gedraaide steunpoot,dna spiraal driehoek blok,0.462548
twee rechts uitstekende blokken,afgevlakte piramide bovenop,0.328533
horizontaal rechthoek blok bovenop,vierkante balk bovenop,0.225712
neus met paal,neus plus ring,0.268477
bumper driekwart hoogte,bumper piramide omgedraaid,0.263998
verticaal vierkanten boven,sik,0.663577
cirkel achter hoofd,op plateau,0.477372
horizontale buis,zonnepaneeltje bovenop,0.40061
rechthoekig uitsteeksel middenboven,bolle neus,0.404072
niervormig uitsteeksel links,plateau rechts,0.283587
grote vierkante onderplaat,twee staartjes horizontaal,0.423436
bal bovenop,bol bovenop,0.145282
vierkante plaat middenhoog,vierkante rok midden,0.21958
blokkig uitsteeksel rechts,vierkante kijker rechts,0.30102
ruimteschip twee motors,ruimteschip,0.219033
piramide bovenop,piramide en kogel,0.190591
troffe draaiende hendel,beker,0.619301
nespresso cupje bovenop,kip,0.515188
compact rechthoekje bovenop,wall-e,0.671339
neus met piercing,neus met piercing,0.0
plank hoog,schap met bakje,0.46388
pinokkio gek hoedje,karate kid,0.504963
ronde deksel achterop,pinokkio met plukje,0.358173
hamer,hamer met standaard,0.234012
neus zonder piercing,neus zonder piercing,0.0
spijker in hendel,eiffeltoren serveerster,0.491
op grote snijplank,pippi langkous,0.674198
ei bovenop kopje,omhelzing,0.592247
plank door kopje,olifant met arm,0.348055
steekt overal uit,twee hendels,0.447065
hoofd met verrekijker,antenne en verrekijker,0.168216
driehoek bovenop,holle driehoek bovenop,0.0600479
opstaand juichend poppetje,trofee,0.588316
platte vogel,vogel,0.173213
halve kegel links,rechthoek bovenop,0.267239
propellor met schijfje,ernie met piercing,0.346894
bakje op mok houder,tafeltje met bakje,0.179963
pinokkio neus schuinrechts,stoeptegel in achterhoofd,0.353702
cocktail met citroen schijfje,cocktail of wc,0.260613
bol einde armen,amsterdamse paaltjes,0.497397
bolle neus ernie,ernie zijkant toblerone,0.15283
serveerder dienblad rechts,dienblad,0.196408
platte circle neus,mok bovenop vierkant,0.333687
balletje bovenop mok,bolletje bovenop,0.130801
vierkante tutu ballet,vierkante tutu slurfje,0.154269
ouderwetse theepot,uitklappende kubussen rechterkant,0.432901
twee linker antennes,robot,0.69687
bovenop puntige driehoek,puntige driehoek bovenop,0.0
meest langwerpig,voetbaltrofee,0.700838
twee balkjes rechts,stompe driehoek,0.266462
meest compact,meest compact,0.0
bal midden voorkant,indiaan,0.550508
opgetild bakje,tafeltje met salade bakje,0.212828
doorboorde ruit bovenop,doorboorde ruit bovenop,1.19209e-07
achterkant veertje rechtsboven,spaarpot,0.534793
lijkt op spagaat,spagaat,0.195357
ovale bol voorkant,ei liniaal lepel,0.31306
pilon omgekeerd links,dienblad omgedraaide pilon,0.253197
zes ruitjes totaal,twee staartjes,0.325696
lange balk voorkant,balk ervoor ei bovenop,0.20513
vierkant rondom middel,glijbaan op platform,0.375555
grote pluim bovenop,twee grote lepels,0.351736
grote plaat rechtsvoor,robot plat vierkant,0.341546
puntige driehoek bovenop,grootste driehoek bovenin,0.203735
kubus rechts bovenop,cocktail,0.635718
twee balken rechts,vogeltje is teken,0.511706
liggende balk bovenop,meest compacte plaatje,0.436176
appel steeltje naar linksboven,ei met zuignap,0.305369
complex en breed,koffietafel appel steeltje poten,0.519157
veel uitsteeksels overal,kraan,0.617956
halve hockey puk linksboven,halve cirkel linksboven,0.188767
lang handvat rechts,gieter schuin vierkant,0.174791
liggend ei rechts,kegel balk ei,0.248859
ronde tafel schijf rechts,biertap tafeltje,0.355294
zes kleine diamantjes,clown diamantjes,0.241399
bal bovenop,ei balk armen,0.310679
twee,glijbaan vierkant plateau,0.631612
bovenop rechtopstaand ovaal,moeilijkste bespreekbaar,0.774992
verrekijker,dubbele verrekijker,0.154874
puntige feesthoed,piramide hoed op wieltjes,0.268533
winnaars beker,winnaars trofee,0.123776
vogel met snavel,vogel,0.121444
balk op bovenkant,rechthoekige hanenkam,0.383526
langwerpig grote neuspiercing,neuspiercing,0.249409
tafeltje op hoogte,picknick tafel,0.334183
pinokkio met hoed,twee ruitjes hoed,0.22808
hoekige cilinder neus,pinokkio neus,0.343763
cilinder er doorheen,korte lange armen,0.511655
spatel bakje met neus,lineaal en penceel,0.359253
lichtinval dakraam,dienblad en dakraam,0.223574
lange oren,pippi langkous oren,0.465956
bal bovenop,lange kromme armen,0.32916
ballerina rok,ballerina rok,1.19209e-07
olifant slurf achterkant,verrekijker,0.435539
plat vierkant paddestoel,paddestoel telescoop ogen,0.234857
driehoek bovenop,scherpe piramide bovenop,0.184435
gedraaid voetstuk wijnglas,wijnglas,0.167746
rechts twee balkjes,twee streepjes rechts,0.0664263
bovenop lange balk,lange balk bovenop,-1.19209e-07
geknikte stok eromheen,tafel omgekeerde piramide,0.296651
gebogen stukje eronder,krom uitsteeksel eronder,0.127906
schijf tegen achterkant,langwerpig afgerond voetstuk,0.469672
schuin vierkant erachter,armpjes bolletje uiteinde,0.279233
ei neus en driehoek oor,feestneus twee haren,0.279958
horizontaal schijfje rechts,bleekselderij dienblad,0.42514
horizontaal vierkant eronder,vierkant horizontaal onderkant,0.038454
voorkant verticale balk,verticale balk voorzijde,0.0306538
horizontaal vierkant doorheen,horizontaal vierkant doorsnede,0.0966627
twee omgekeerde kegels,rechts gestapelde blokjes,0.232551
plat vierkant voorkant,paddenstoel bovenop,0.368527
grote neus kuif,breder wordend vierkant,0.400135
gedraaid voetstuk,schroef driehoek onderkant,0.307999
twee latjes rechts,twee balkjes links,0.1203
compact balk bovenop,balk en prisma's,0.190321
draagt een stok,staaf door bol,0.31572
tafel met bakje,tafel,0.139384
een gebogen been,gebogen stukje onderaan,0.177375
pan met lepel,voetstuk halve cirkel,0.380508
armen met handjes,staaf er doorheen,0.355885
twee verschillende haar sprieten,bol rechterkant,0.433578
spijker in linkerarm,dienblad,0.478616
vloer en oren,plaat onderaan,0.369016
bal bovenop,balk vooraan bol,0.305165
draagt een rokje,plaat midden,0.508107
drie verschillende armen,kegel bovenop zijkant,0.402476
twee torens links,twee torens links,2.38419e-07
pyramide bovenop,pyramide bovenop,1.19209e-07
staande voet trofee,trofee,0.25382
twee rechthoeken rechts,onafgemaakte pyramide bovenop,0.395049
geen enkele uitsteeksel,dun staafje voorkant,0.366089
balk door balletje,hamertje,0.28286
tafeltje met bakje,ontbijt op bed,0.357781
voet klein blokje,boven torens vierkant,0.316055
rechtsboven soort druppel,onafgemaakt plateau,0.572463
uitsteeksels ronde kop,bolletjes uiteinde,0.226725
balletje rechtsmidden,bolletje voorkant,0.332615
omgedraaide pion,pion linksboven,0.139785
staat op plateau,enige op plateau,0.107049
uitsteeksel handvat links,bol bovenop,0.371308
plateau in midden,plateau in midden,-1.19209e-07
toren omgekeerd rechts,toren rechtsmidden,0.180524
vierkant gezicht,vierkant er voor,0.269545
piramide bovenop,piramide verrekijker,0.248429
twister been,gedraaid been,0.197615
twee rechthoeken rechts,lampenkap twee rechthoeken,0.169567
lange rechthoek boven,balk boven op,0.260423
punaise door bol,balk door bol,0.147206
tafel voor zich,omgekeerde lampenkap dienblad,0.484062
gebogen been,strik boven op,0.421741
pinokkio neus links,cirkel er achter,0.353659
staven met bol,springplank er achter,0.47509
bol vooraan,bol twee kegels,0.218071
grote spijker links,gekantelde bank spijker,0.250304
cirkel voorop,diamantjes cirkel voorop,0.115192
bol boven op,bol twee armpjes,0.308059
twee kleine cilinders,l vorm,0.495989
twee deegroller handvaten,twee roer kegels,0.296838
antenne twee moertjes,robot,0.569959
feesthoed dikke neus,feesthoedje,0.180103
lang met driehoek,torentje,0.537856
afgestompt hoedje,vogeltje,0.396739
rechthoek hoed,wijze uil,0.404197
jachtgeweer,dienblad,0.455765
lange neus hoedje,pinokkio hanenkam,0.317854
mok met lepel,gewone koffiekopje,0.345813
afdakje,afdakje,0.0
ronde neus,dikke neus,0.201383
toeter op neus,spijker in arm,0.31331
dienblad,gehoorbescherming,0.741219
waterleiding,boiler,0.341526
glijbaan neus,glijbaan,0.127407
kegel neus,rare armpjes,0.407053
schoorsteen plaat schroeven,schoorsteentje vierkant blokken,0.292082
complex driehoek raketje,driehoek raketje rondje,0.134827
statief vierkant helix,helix kubus driehoek,0.196156
is teken haakje trapezium,trapezium is teken boogje,0.0738397
compact rechthoek op veger,op veger megafoon rechthoek,0.103008
ei basketbalpaal uitsteekseltje,pluimpje ei neus basketbalpaal,0.0988365
bankje haakje bakje,bankje bakje uitsteekseltje,0.049504
ruiten schroeven uitsteeksels,ruit uisteeksels blokjes,0.231383
lepeltje rond plateau,half rondje kegeltje,0.262595
zonnepaneel lange staaf,gaspedaal balk lang,0.34648
vulpen ei staafjes,vulpen ei neus uitsteeksels,0.124134
eiffeltoren rond plateau,eiffeltoren rond plateau,0.0
kom bolletjes haakjes,vierkant plateau bolletjes,0.266193
ei symmetrisch verhoging,ei hoofd gespreide armen,0.265913
glijbaan vierkant omhulsel,vierkant plateau glijbaan,0.114632
schroef ovale uitsteeksels,kegeltjes blokjes uitsteeksel,0.184298
twee armen links,vierkant voorop,0.381906
driehoek erboven,driehoek bovenop,0.12021
driehoekig onder hangsel,spiraal onderin,0.395468
twee armen rechts,eend,0.636842
rechthoekig blokje erboven,staafje plat bovenop,0.195962
blokje door bol,balk door bol,0.163145
steiger voorop,tafel,0.450472
uitstekende cilinder voorkant,uitsteeksel onder recht,0.391119
ronde plaat achterkant,rondje achter,0.394256
arm beide kanten,vierkant met steun,0.339251
driehoekige arm links,twee figuren bovenop,0.282341
spijker door arm,spijker,0.185293
ronde schaal voorkant,onderin plateau,0.313458
rechthoekige voorkant,staafje voorkant,0.161927
vierkant door midden,twee kegeltjes bovenop,0.405005
drie uitstekende ellipsen,twee lepels,0.365488
paddenstoel op bovenkant,paddenstoel antene,0.171192
piramide op bovenkant,verrekijker en piramide,0.220995
standaard onder mok,driehoek spiraal voetstuk,0.497392
afgesneden piramide hoed,onderzeeer,0.510599
lang hoek als hoed,vloeistof afvoer,0.563511
stok door clownsneus,spies door clownsneus,0.130086
picknicktafel door mok,picknicktafel met mandje,0.174271
ruit bovenkant mok,poot doorstoken ruit,0.248373
halve cirkel achter,bovenkant halve cirkel,0.0881697
ballen aan hendels,piemels als handvaten,0.249786
clownsneus,clownsneus,5.96046e-08
omgekeerde langwerpige pion,dienblad omgekeerde pion,0.13263
pippi langkous vlechtjes,pippi langkous haren,0.0447171
bal op bovenkant,bal op bovenkant,0.0
tafel door midden,vierkante hoelahoep,0.450173
groter wordend blokje,groter wordend vierkant,0.0800136
vierkante verrekijker ogen,vierkante verrekijker,0.0702312
verjaardags hoedje bovenop,feesthoedje bovenop,0.132032
driehoekig voetje,driehoekje als voetje,0.258137
twee vierkante linker oren,twee linker blok oortjes,0.101188
balk liggend bovenop,liggend balkje bovenop,0.0779502
heel aparte neuspiercing,aparte neuspiercing,0.045512
met hoog opberg plankje,picknick tafeltje met bakje,0.213421
satelliet op achterhoofd,satelliet in achterhoofd,0.0628226
schijf half zichtbaar,afgerond langwerpig voetje,0.359793
met dikke handvatten,vijzel,0.567573
dikke ronde neus,staand blokje bovenop,0.413958
langwerpige omhoogstekende speaker,spijker speaker,0.291156
vierkante grondplaat,pippi langkous vlechtjes,0.633808
bal bovenop pot,balletje bovenop,0.145823
twee cylindertjes bovenop,twee cylindertjes bovenop,0.0
sambaballen links bovenop,sambaballen bovenop links,1.19209e-07
gekanteld en vierkant,schietstoel knop vierkant neuzen,0.259812
puntmuts dikke neus,puntmuts dikke neus,0.0
verbogen trofee prijs,trofee schuine poot,0.248245
vogel snavel rechterkant,kip snavel vleugel,0.101407
dikke neus linkerkant,paaseiland oorbel mohawk,0.541081
zuignap aan stok,zuignap lepel lans,0.105484
kruiwagen handvaten,kruiwagen piramide,0.207441
soort zuurtje bovenop,zuurtje snoeppapier slurfje,0.115167
pinokkio neus cirkel,pinokkio lepel schijf,0.229495
staaf bobbels doorheen,wasbord kanonnen,0.413681
dikke ronde neus,twee lepels neus,0.226975
spijker in neus,dienblad popnagel neus,0.215153
telraam kralen zijkant,kralen weerszijde vierkant,0.107182
waterpomp aan buis,pomp ei bovenop,0.199422
vierkante rok slurf,tutu slurf staafjes,0.191174
drie tentakels neus,tentakels vierkante neus,0.0982254
platte vierkant midden,schroef met vierkant,0.18763
cirkel uitsteeksel linksonder,driehoek bovenop,0.275981
langste figuur,schroef met kaas,0.560368
twee vierkanten rechtsmidden,het is teken,0.51636
twee vleugels midden,rechthoek met vleugels,0.174971
gewicht heffen rechtsmidden,gewichtheffen arm,0.403228
springplank bovenin rechts,sprinkplank,0.551508
poppetje een been,aap klappen handen,0.25595
staat op klein aansluitende ondergrond,kegel rechts,0.431702
doorlopende buis midden,zonnepaneel,0.584189
uitstekende bol rechtsmidden,roer pannetje soep pannetje,0.603555
pijl steekt uit van linker uitsteeksel naar links boven,pijl links boven,0.111661
zes ruitjes aaneen lopend,zes kraaltjes,0.179709
balk langwerpig rechterkant,balk rechterkant,0.0877715
vierkant omringend midden,saturnus,0.577644
cactus uitsteeksel boven,cactus,0.387911
tank antenne scherm,paddenstoel,0.685894
punt pijltje blok,kegel,0.437754
schroef vierkant,trofee schroef,0.239316
trechter twee strepen,wegwijsborden,0.444636
kuif twee armen,klok lampenkap,0.538455
olijf op stokje,olijf,0.218363
statafel plateau zweven,tafel met soepkom,0.363618
zeepaardje grote oren,zeepaardje,0.164786
lepeltje rond koekje,pinokkio koekje,0.219666
paal doorheen scherm,mri spiegel balk,0.35061
ronde neus lepels,twee theelepels,0.285315
spijker in arm,spijker linkerarm,0.160077
kralenketting ondergrond tafeltennis,kralen,0.444924
omarm paal bolletje,omarmen paal,0.234294
slurf rokje oortjes,dansende olifant,0.360369
drie hendels blokje,vier hendels,0.0772066
